# english	chinese — 事件格文字在地化(踩到特殊格 → run_event emit → tr)。
# 鍵 = VM 解出的英文原文(逐條 emit);譯文源自 docs/translation/15_TRANSLATION_DRAFT.md / CONTEXT.md。
# 注意:部分鍵含結尾空白(對齊 VM emit),勿手動 trim。
Stripped of all possessions and wealth, you've been dropped naked and defenseless into the slums of Purgatory by order of Namtar, the Beast From The Pit.	你們被剝奪了所有財物，赤身裸體、手無寸鐵地被丟進波卡城的貧民窟——這是奉深淵之獸納達之命。
The stone walls of Purgatory stand as a monument to shattered lives and broken dreams.	波卡城的石牆，是無數破碎生命與幻滅夢想的永恆見證。
You smell the sea. This section of wall must border on the harbor.	你聞到海的氣味。這段城牆想必是緊鄰著港口。
A breeze crawls in from the harbor, bearing a sickly stench.	一陣微風從港口飄來，夾帶著令人作嘔的惡臭。
A great chorus of voices issues up from the west.	一片巨大的人聲喧嘩從西方湧起。
You hear the lusty shouts of a large crowd coming from the east.	你聽見東方傳來一大群人縱情的吶喊。
You hear the bloodthirsty howls of a great crowd from behind the wall to the north.	你聽見北面牆後傳來一大群人嗜血的嚎叫。
The sea is cold and rough. Only a good swimmer has a chance out here.	海水冰冷而洶湧。在這裡，只有游泳高手才能有一線生機。
There's a gap in the city wall. Far below, you see the water of the harbor through which you entered this dreaded isle. 	城牆上有一處缺口。遠遠在下方，你看見了當初進入這座令人生畏的孤島時所通過的港口水域。
Is freedom from Purgatory worth a long dive into what might be shallow water, then a desperate swim through the harbor?	波卡城的自由，值得你縱身躍入那深度不明的水中，再拼死游過港口嗎？
Ahead lay odd waters.	前方是詭異的水域。
The crowd grows wild with the hope of more victims.	人群因渴望更多犧牲者而陷入瘋狂。
You feel strangely energized!	你感到一股奇異的力量湧上全身！
# ── 主線事件擴充(docs/reverse-engineering/52 萃取,grounded CONTEXT.md/15/攻略;[待審] 見 docs/translation/53）──
A breeze crawls in from the harbor, bearing a sickly stench.	一陣微風從港口飄來，夾帶著令人作嘔的惡臭。
You smell the sea. This section of wall must border on the harbor.	你聞到海的氣味。這段城牆想必是緊鄰著港口。
You hear the lusty shouts of a large crowd coming from the east.	你聽見東方傳來一大群人縱情的吶喊。
A great chorus of voices issues up from the west.	一片巨大的人聲喧嘩從西方湧起。
The sea is cold and rough. Only a good swimmer has a chance out here.	海水冰冷而洶湧。在這裡，只有游泳高手才能有一線生機。
The crowd grows wild with the hope of more victims.	人群因渴望更多犧牲者而陷入瘋狂。
You feel strangely energized!	你感到一股奇異的力量湧上全身！
You hear someone singing.	你聽見有人在唱歌。
You hear moans of pain from inside the building.	你聽見建築物內傳來痛苦的呻吟。
A wounded man lays on a pile of straw in the corner. His bandages are fresh but already stained with blood. He tosses and turns in a feverish slumber.	一名傷者躺在角落的稻草堆上。他的繃帶很新，卻已被血染紅。他在發燒的昏睡中翻來覆去。
An old wizard bars your path. "My home is off limits, friend," he says. "You're free go anywhere else you wish, but please respect my privacy."	一位老巫師擋住你的去路。「我的住處謝絕進入，朋友。」他說，「你可以自由去任何想去的地方，但請尊重我的隱私。」
The door is locked.	門上了鎖。
Someone looks at you from within the stone building.	有人從石造建築裡注視著你。
Corroded stones like rotting teeth jut from the wet soil, marking where the buildings of a proud city once stood. A battered signpost reads, "Weep for Tars."	腐蝕的石塊像爛牙般從濕潤的土中突起，標示著一座驕傲城市昔日建築的所在。一塊殘破的路標寫著：「為塔斯哀悼。」
A huge slab of stone lays before you.	一塊巨大的石板橫在你面前。
This open area is in better repair than the rest of the city. Strange murals cover the walls.	這片開闊地比城裡其他地方保存得更完好。牆上佈滿奇異的壁畫。
You notice signs that a party of men have passed this way.	你注意到有一隊人馬曾經過此處的痕跡。
Arrrggh! A Pit!!	啊啊啊！是陷坑！！
Crumbling ruins mark where the wall has been breached by the engines of war.	崩塌的廢墟標示著城牆被戰爭器械攻破之處。
Loose rubble blocks the way between the walls.	鬆動的碎石擋住了兩道牆之間的通路。
Mud is slowly oozing from a fissure here.	泥漿正緩緩從此處的裂縫滲出。
You find the city militia's weapons cache!	你找到了城市民兵的武器庫！
This bridge helps shelter the inner harbor.	這座橋為內港提供了屏障。
Guards stand before the entrance to the royal palace.	衛兵守在皇宮入口前。
Royal Guards prevent you from entering Kingshome. "Move along, Outlanders!"	皇家衛兵阻止你進入京雄城。「走開，外鄉人！」
This is a gallery of family portraits. At the head of the gallery is a huge painting of King Drake, looking very fit and authoritarian. On the facing wall of the 	這是一條家族肖像長廊。長廊盡頭是一幅杜拉克國王的巨幅畫像，看來健壯而威嚴。在對面的牆上，
gallery you see portraits of Drake's children Prince Jordan of Byzanople, and the twin princess Myrilla and Myrolla.	你看見杜拉克子女的肖像——拜占儂的喬丹王子，以及雙胞胎公主蜜瑞拉與蜜蘿拉。
This is a library, long dusty from disuse. This entire wing of the palace doesn't see much use nowadays. Books are available on all variety of subjects concerning Oceana both past and present, but mostly past.	這是一間圖書室，因久未使用而積滿灰塵。皇宮這整側廂房如今鮮少有人來。這裡藏有關於歐西納古今各類主題的書籍，但多半是談過往。
This is the king's wardrobe. Here you find innumerable breeches, capes, boots, and blouses, and all manner of clothing accessories. Although this collection is valuable, it would be recognized instantly if someone tried to sell it.	這是國王的衣帽間。你在這裡找到數不清的馬褲、披風、靴子與上衣，以及各式各樣的服飾配件。這批收藏雖然值錢，但若有人試圖變賣，立刻就會被認出來。
In a closed trunk, you find several dozen simple white robes such as pilgrims wear.	在一只闔上的箱子裡，你找到數十件樸素的白袍，正是朝聖者所穿的那種。
Fine tapestries and works of art are heaped in the corner. A treasure chest full of gold stands open in the center of the room. Silverware and other luxurious 	精美的掛毯與藝術品堆在角落。房間中央有一只盛滿金幣的寶箱敞開著。銀器與其他奢華
items are scattered across the floor. Whoever piled these valuables here either has no respect for wealth, or no need of the same.	物品散落一地。把這些財寶堆在此處的人，要不是不把財富放在眼裡，就是根本不需要這些。
Several items of interest lay strewn about.	幾件值得注意的物品散落各處。
You have found a locked chest.	你找到一只上了鎖的箱子。
Another baby killed.	又一隻幼龍被殺害了。
A wave of telepathic hate washes over you. These children had a mother...	一股心靈感應的恨意席捲而來。這些孩子也曾有母親……
Dragon roars are constant, now, as the brood both mourns the passing of their brothers and prepare themselves for war.	龍吼如今不絕於耳，龍群既哀悼同伴的逝去，也為戰爭做著準備。
Nestled amid the rocks you find a dragon's skeleton.	在岩石之間，你發現一具龍的骸骨。
The air is so thick with death and tension it feels like being underwater.	空氣中瀰漫著濃重的死亡與緊張氣息，彷彿置身水底。
The air reeks with the smell of death and burning dragon.	空氣中充斥著死亡與焚龍的惡臭。
You hear the distant rumble of a dragon... the likes of which man has never seen.	你聽見遠處傳來龍的轟鳴……那是人類前所未見的存在。
What will you do for an encore?	你接下來還打算做什麼？
From this well issue the cries of lost souls.	從這口井中傳出迷失亡魂的哭喊。
There is an open well here, there appears to be buildings in the water below.	這裡有一口敞開的井，下方水中似乎有建築物。
The icy winds of despair tear at your soul!	絕望的冰冷寒風撕扯著你的靈魂！
The very fury of the sun seems to burn in this corridor!	彷彿太陽的怒火在這條走廊中燃燒！
This chamber is bisected by a wall of fire. The heat is overwhelming. On the far side of the fire, you can see the exit from this room.	這間石室被一道火牆一分為二。熱浪逼人。在火焰的另一側，你能看見這間房間的出口。
This chamber is heaped with the bones of hundreds of unidentifiable creatures.	這間石室堆滿了數百具難以辨識的生物骸骨。
This room is full of sticky spider webs.	這個房間裡佈滿黏稠的蛛網。
This natural cavern must lay at the very heart of the universe.	這座天然洞窟想必位於宇宙的最核心。
The floor moved!	地板移動了！
You are falling!!	你正在墜落！！
You're falling!! Where did the floor go??	你正在墜落！！地板哪裡去了？？
Oh, joy... right back where you started.	噢，真好……又回到了出發的原點。
All is darkness and confusion! Where are you?	一片漆黑與混亂！你身在何處？
Mad screaming rings in your ears!	瘋狂的尖叫在你耳邊迴響！
Splash!!	撲通！！
Zap!!!	茲啦！！！
The shore is closest here.	這裡離岸邊最近。
A natural ford in the river.	河上的一處天然淺灘。
You see footprints in the mud.	你看見泥地上的腳印。
In the bushes by the ford, you find animal tracks.	在淺灘旁的灌木叢中，你發現了動物的足跡。
You stand before a large open glade.	你站在一片開闊的林間空地前。
You find an odd harvest of mushrooms beneath this tree.	你在這棵樹下發現一叢奇特的蘑菇。
A magical horn rests at the foot of this statue.	一只魔法號角擱在這尊雕像的腳邊。
A simple shrine occupies this island.	一座簡樸的神龕坐落於這座島上。
There's a simple shrine on the island in the midst of a still pond.	在一片靜止池水之中的小島上，有一座簡樸的神龕。
You stand beside a magical pond, shall you wade in?	你站在一座魔法池畔，要涉水進入嗎？
Hidden away beside this rock is an arms cache!	在這塊岩石旁，藏著一處武器庫！
You find where a soldier has stashed his arms and armor!	你找到一名士兵藏匿武器與盔甲的地方！
You've found a guard barracks... you must be on the right track.	你找到了一處衛兵營房……看來你走對方向了。
You find a soldier has stashed his arms and armor!	你找到一名士兵藏匿武器與盔甲的地方！
# ── 世界圖地點進城提示(area 0;op_6B-gated 選單字串)──
Enter Purgatory	進入波卡城
Enter Slave Camp	進入奴隸營
Enter ancient ruins	進入古代廢墟
Enter the City of the Yellow Mud Toad	進入黃泥蟾蜍城
Enter Smuggler's Cove	進入海盜竊穴
Enter ruined city	進入廢棄之城
Enter decaying city	進入腐朽之城
Enter Kingshome	進入京雄城
Enter Royal Game Preserve	進入皇家獵區
Enter Dragon Valley	進入龍谷
Enter Nisir	進入尼塞
Enter Lansk	進入蘭斯克
Enter Byzanople	進入拜占儂
Enter Freeport	進入自由港
Enter Slave Estate	進入莫格宅院
Enter Camp	進入軍營
Enter sunken ruins	進入沉沒廢墟
Enter strange building	進入詭異建築
Bridge ahead, approach	前方有橋，靠近
Guard bridge ahead, approach	前方有守橋，靠近
Heavily guarded bridge ahead, approach	前方有重兵把守的橋，靠近
Ruins ahead, Approach	前方有廢墟，靠近
Magical forest ahead, Enter	前方有魔法森林，進入
Approach Old Dock	靠近老碼頭
Approach Pilgrim's Dock	靠近朝聖碼頭
# ── NPC 對話 / 劇情 / gate ──
A Lansk official smiles at you. 	一名蘭斯克官員對你微笑。
A Priest of the Universal God blesses you as you pass. "Namtar protect you," he says.	一位宇宙之神的祭司在你經過時為你祝福。「願納達保佑你。」他說。
"Papers, please," he says, holding out his hand to you.	「請出示證件。」他說，朝你伸出手。
"No one uses the front door fool!"	「沒人會走正門，蠢貨！」
"Then get lost."	「那就滾吧。」
"Recruits are always welcome in the service of Namtar," he says. Do you wish to join the army?	「納達麾下永遠歡迎新兵。」他說。你願意加入軍隊嗎？
A group of guards ambush you using powerful magic. "Remember, Namtar wants them alive," is the last thing you hear before....	一群衛兵以強大的魔法伏擊你。「記住，納達要活的。」這是你失去意識前聽見的最後一句話……
A voice drifts from the darkness, "I do not care for this rampant destruction of my property... it is time you were taught a lesson!"	一個聲音從黑暗中飄來：「我可不喜歡你們這樣肆意破壞我的財產……是時候給你們點教訓了！」
A voice rings from the shadows, "So you are finally here... I must admit I underestimated you."	一個聲音自陰影中響起：「你們終於來了……我得承認，我低估了你們。」
Buck Ironhead, Namtar's top general, regards you from across the room. "You've hacked past my best men -- I'm not sure what I can do against you," he says "But I'm not going down without a fight..."	納達麾下的首席將軍——鐵頭巴克隔著房間打量你。「你們殺穿了我最精銳的部下——我不確定自己能拿你們怎麼辦，」他說，「但我絕不會束手就擒……」
It's you against an entire army! 	你們要單挑一整支軍隊！
Only fools would dare combat an army alone!	只有蠢人才敢單獨對抗一支軍隊！
To the south lay the forces of Namtar!	南方駐紮著納達的軍隊！
This is a military parade grounds. A legion of spearmen perform intricate drills beneath the eyes of stern officers.	這是一座閱兵場。一隊矛兵在嚴厲軍官的注視下進行繁複的操演。
You hear the sound of soldiers marching from over the wall.	你聽見牆那頭傳來士兵行進的腳步聲。
A crack in the rock shows the camp where the invading army is stationed. 	岩石的裂縫間，露出了入侵軍隊紮營之處。
Any attempt to continue here will result in certain death.	若硬要在此繼續前進，必死無疑。
Surely this must be hell... you will never find Namtar, and Oceana will never be free!	這裡肯定是地獄……你們永遠找不到納達，歐西納也永遠無法獲得自由！
"I was wondering when you'd arrive. We've just gotten word from the Isle of Forlorn. Slaveholder Mog has died, and his will leaves his entire estate to you!" He holds up a hand when you press him with questions. "There isn't anything more I can tell you."	「我正納悶你們什麼時候會到。我們剛從絕望島收到消息。奴隸主莫格已經死了，他的遺囑把整份家產都留給了你們！」當你追問細節時，他舉起手。「我能告訴你們的就這些了。」
Inscribed on a standing stone you read, "In memory of our Master Zaton. May his soul rest in peace."	你讀到立石上的銘文：「謹紀念我們的宗師查頓。願他的靈魂安息。」
Judging by the ruins here, the city seems to have been on the losing end of a war.	從這裡的廢墟判斷，這座城市似乎在一場戰爭中落敗。
The owner of this mansion is a lover of art.	這座宅邸的主人是個藝術愛好者。
There doesn't seem to be anyone here. A thick coat of dust lays over everything.	這裡似乎空無一人。厚厚的灰塵覆蓋著一切。
Several dead mammals -- among them human beings -- are hung on the walls on hooks. This place looks distressingly like a meat locker.	幾具死去的哺乳動物——其中還有人類——被掛在牆上的鉤子上。這地方像座肉品冷藏庫，令人不寒而慄。
This street is remarkably clean.	這條街道乾淨得出奇。
Citizens avoid walking on this side of the street.	市民們都避免走在街道的這一側。
You feel a vibration beneath your feet, as if something is moving under the surface of the city.	你感到腳下傳來震動，彷彿有什麼東西在城市地表之下移動。
You smell a faint swampy odor from the south.	你聞到南方飄來一絲淡淡的沼澤氣味。
Something in this muck-covered ground catches your eye.	這片污泥覆蓋的地面上，有樣東西吸引了你的目光。
In the heart of this mountain you find a swampy chamber filled with bubbling mud... evidently the faerie lizard folk enjoy this type of place, but you can't help but feel it is not they alone who luxuriate here.	在這座山的深處，你發現一間充滿冒泡泥漿的沼澤洞室……顯然妖精蜥蜴族喜歡這類地方，但你不禁感到，在此享樂的並不只有牠們。
Light dances oddly in the air ahead.	前方的空氣中，光線詭異地舞動著。
Ahead you see a portal of power -- wildly shifting colors swirl within a gate of arcane stone.	前方你看見一道力量之門——奧術石門中，瘋狂變幻的色彩盤旋翻騰。
A wise man might find a way through this rock.	智者或許能找到穿越這塊岩石的方法。
There is a hidden passage here. Do you wish to take it?	這裡有一條隱密通道。你要走這條路嗎？
There are a\de\scending stairs here. Do you wish to take them?	這裡有上下樓梯。你要走樓梯嗎？
You step onto the tripwire and as logic would dictate, the granite block smashs the party into unrecognizable gore.	你踩上了絆索，一如預料，花崗岩塊將隊伍砸成一灘難以辨認的血肉。
You've been snared! You hang upside down by your heels.	你中了陷阱！被倒吊著，腳跟朝上懸在半空。
You approach the gargoyle and it does a stoning gaze at the party... Your bodies stiffen and harden as you turned into stone...	你靠近石像鬼，它對隊伍投來石化的凝視……你們的身體逐漸僵硬，化為石頭……
You fall for many miles and through many worlds, then find yourself sitting on wet rock. The air has a musty odor.	你墜落了數哩，穿越了許多世界，最後發現自己坐在濕潤的岩石上。空氣中有股霉味。
Do you wish to enter the Apsu waters	你要進入亞蘇水嗎
# ── 自由港門牌 / 招牌(area 17;"A sign reads," 後接店名)──
A sign on the door reads, "	門上的招牌寫著：「
A sign over the door reads, "	門上方的招牌寫著：「
A sign hangs loosely from its hinges reading, "The Icarian Triumph Tavern."	一塊招牌鬆垮地掛在鉸鏈上，寫著：「冒險酒店。」
Tars City Council."	塔斯市議會。」
Freeport City Council."	自由港市議會。」
Freeport Arms."	自由港武器行。」
Ryan's Armor."	萊恩盔甲鋪。」
The Brew's Brothers."	布魯兄弟酒坊。」
The Temple Faith."	信仰神殿。」
The Order of the Sword."	劍之教團。」
Bewitching Potions and Elixers."	迷人藥水與藥劑。」
Magic Inc."	魔法商行。」
Governor's Office."	總督辦公室。」
Visitor's Information Bureau."	訪客服務處。」
Visitor's Registration Department."	訪客登記處。」
Office of the Bureau of Departments."	部門管理局辦公室。」
Department of Lubrication."	潤滑事務部。」
Quarter Masters Office."	軍需官辦公室。」
# ── 方向 / 短碎片(多 emit 拼接尾段)──
north.	北方。
west.	西方。
# ── 較長 NPC 對話 / 劇情(provisional;固有名詞待審見 docs/translation/53)──
"Ah! You're the Outlanders," he says. "It is well that you came here. All visitors are required to register." The official points to a chart on the wall, reading aloud what is written there.	「啊！你們就是那些外鄉人。」他說。「你們來這裡是對的。所有訪客都必須登記。」官員指著牆上的一張告示，把上面的內容唸了出來。
"Ah! I heard there were Outlanders in town. Do you have your visitor's registration papers?" he asks. The official smiles again awaiting your reply.	「啊！我聽說鎮上來了外鄉人。你們有訪客登記證件嗎？」他問道。官員再次微笑，等待你的回答。
"Ah! Outlanders. You're probably here for a Governor's pass," he says. He hands you a stack of papers. "Have these stamped at the Office of Interior Affairs."	「啊！外鄉人。你們八成是來辦總督通行證的。」他說，遞給你一疊文件。「拿這些到內政事務處去蓋章。」
At the center of the Solarium you find Mystalvision, the renegade High Priest of the Sun. He lays on his back with his shirt off, evidently in quest of the perfect tan. He does not seem to notice your approach...	在日光殿的中央，你找到了背叛者——太陽高階祭司美斯達。他赤裸上身仰躺著，顯然在追求完美的古銅膚色。他似乎沒注意到你們的靠近……
Shadowy figures welcome you to a darkened room. Few words are spoken as you are provided with simple but effective disguises. "Word of your escape will quickly reach the Stosstrupen," one of them 	幾道朦朧的身影把你們迎進一間昏暗的房間。沒有多餘的話，他們為你們備好簡單卻有效的偽裝。「你們逃脫的消息很快就會傳到突擊隊耳裡，」其中一人
whispers. "Leave the city as soon as you are able, and do not return!"	低聲說。「盡快離開這座城市，別再回來！」
With a mad whirling and rushing you feel the stone melt away beneath your feet, transporting you to what must be another world. You find yourselves on a sun-blasted battle plain. The horizon seems an 	伴隨一陣瘋狂的旋轉與奔流，你感到腳下的石頭逐漸消融，將你們傳送到一個想必是另一個世界的地方。你們發現自己置身於一片烈日炙烤的戰場平原上。地平線顯得
uncomfortable distance away. The air is thick with swampy murk... a grim taste of what Namtar has planned for your world.	遠得令人不安。空氣中瀰漫著濃重的沼澤陰霾……這正是納達為你們的世界所謀劃的、令人膽寒的預兆。
You stand at the edge of a bottomless abyss. You dimly spot a balcony on the far side of the abyss, but there seems no way to cross. The distance is too great to jump.	你站在一道無底深淵的邊緣。你隱約瞥見深淵彼端有座露臺，卻似乎無路可渡。距離太遠，無法跳越。
 says, "The walls of this city were not shattered by man - dragons have been here." 	說：「這座城市的牆並非毀於人手——龍曾經來過這裡。」
 recognizes this area as a transportation nexus. Do you wish to teleport to the Mystic Wood?	認出這片區域是一處傳送樞紐。你要傳送到神祕林嗎？
 recognizes this glade as a transportation nexus. Do you wish to teleport to...King's IslandQuag	認出這片林間空地是一處傳送樞紐。你要傳送到……王島／奎格
Utnapishtim is standing to the 	烏特納比西丁站在
# ── 結局 + 主線 quest gate 事件擴充(docs/gameplay/55,grounded CONTEXT.md/攻略 38 §5.11/5.20;固有名詞待審見 docs/translation/53)──
This narrow stone bridge spans the chasm.	這座狹窄的石橋橫跨深淵。
This finger of rock rises from the very pit that spawned Namtar.	這根指狀岩柱，正是從孕育出納達的那座深淵中升起。
The industious people of Lansk maintain this outpost against the dark.	勤奮的蘭斯克人維繫著這座前哨站，抵禦著黑暗。
Malign fairy spirits guard this pass. They demand the price of life before you may pass. Do you consent?	惡毒的妖精守護著這道關口。牠們索求生命為代價，方可放行。你同意嗎？
"Begone, Topsiders," the fairy guard intones. "Only worshippers of Irkalla may pass."	妖精守衛低聲吟道：「滾開，上界來的人。唯有伊爾卡拉的信徒方可通行。」
In the shadows of the mountains you find an eerie cave. Enter?	在群山的陰影中，你發現了一處詭異的洞穴。要進去嗎？
In the darkness you find a well.	在黑暗中你發現了一口井。
The raging heat saps your strength.	灼人的熱浪不斷消耗你的體力。
You see an island to the east.	你看見東方有一座島嶼。
Just across the water you see the mainland.	就在水的對岸，你看見了大陸。
The water is unusually calm on this shore of the Isle of Woe.	在悲嘆之島的這片岸邊，水面異常平靜。
Despite common sense, you jump over the railing into the bottomless abyss!	你不顧常理，越過欄杆，縱身躍入無底的深淵！
Before you can react, a cosmic force envelopes you...	你還來不及反應，一股宇宙之力便將你包覆……
You wake up in a dungeon cell.	你在一間地牢牢房中醒來。
Inside the cell you find a mumbling prisoner. "They've taken the druid," he says. "They're torturing the druid."	牢房內有一名喃喃自語的囚徒。「他們把德魯伊抓走了，」他說，「他們正在折磨那名德魯伊。」
The jailor sounds the alarm!	獄卒拉響了警報！
You've found the Phoeban treasure vault!	你發現了菲巴斯的寶物庫！
This is the dungeon armory. A basic selection of arms and armor is available.	這是地牢的武器庫，這裡備有基本的兵器與護甲。
A voice that seems to emit from the very rock booms, "Only those who know the word may pass. What will you say?	一個彷彿從岩石本身發出的聲音轟然響起：「唯有知曉暗語者方可通行。你要說什麼？」
The loud rumbling of a dragon comes from the pit.	深淵中傳來一頭巨龍響亮的低吼。
You raise the blessed Sword of Freedom and strike with all your strength!	你高舉受祝福的自由之劍，傾盡全力揮砍而下！
With a final, terrible cry, Namtar -- the Beast From The Pit -- crumbles before you.	納達——深淵之獸——發出最後一聲駭人的慘嚎，在你面前崩解殞滅。
You bear his body to the Well of Souls, then walk slowly toward the pit that spawned him.	你們扛起牠的屍身，送往靈魂之泉，再緩步走向那座孕育出牠的深淵。
Oceana is free at last. Enjoy the sweet taste of your final victory!	歐西納終於自由了。盡情享受這最後勝利的甘美滋味吧！
THE END	全 劇 終
And with a mighty heave, Namtar is hurled back into the pit from whence he came...	你們奮力一擲，將納達拋回牠當初竄出的那座深淵……
Namtar lets out a horrid scream as he falls into the deepest depths of the Magan Underworld. His reign of terror is at an end!	納達發出駭人的慘嚎，墜入瑪根地底世界最幽深之處。牠的恐怖統治就此告終！
News of Namtar's destruction brings untold joy to the prisoners of the city of Purgatory. The evil city is overrun and burned to the ground by its own citizens as they once again possess the freedom that was taken from them by Namtar.	納達覆滅的消息，為波卡城的囚徒帶來難以言喻的歡騰。罪惡之城被自己的居民攻陷、付之一炬，他們再度奪回了曾被納達剝奪的自由。
A new age of peace begins, the land is reborn with life and beauty. The dragons leave the cities and return to their mystic valley to await a time that they may be needed again...	和平的新時代就此展開，大地重獲生機與美麗。巨龍離開城市，返回牠們神祕的山谷，靜候再度被需要的那一日……
=== Victory over Namtar ===	=== 戰勝納達 ===
The Ending of Dragon Wars	火龍之戰・結局
(remake-composed ending: bundled paragraphs + area27 narrative; not a single original script)	（remake 組合結局：以已收錄的手冊段落＋第27區決戰敘事組成，非原版單一腳本）
# ── 支線/各城事件擴充(docs/reverse-engineering/52 全 40 區 mainline_events 掃描;grounded 攻略 38/39+CONTEXT.md;固有名詞待審見 docs/translation/53)──
"What can I do for ya, stranger?" says the barkeep	「有什麼能為你效勞的嗎，陌生人？」酒保問道。
At the Black Market, we have what you need...	在黑市，你需要的東西這裡都有……
Many people are here dying of various diseases and afflictions. A robed healer attends to the needs of all.	這裡有許多人正死於各種疾病與病痛。一名身披長袍的治療師照料著所有人。
Here you find several recent escapees from Purgatory. Unlike the other denizens of this camp, some of them look like they might wish to continue their adventures in Dilmun	你在這裡遇見幾名剛從波卡城逃出來的人。和營中其他人不同，他們之中有些人看來還想在迪瑪繼續冒險。
Behind this tree is an arms cache!	這棵樹後藏著一處武器庫！
Written on this stone is "To restore the master of High Magic, the various pieces of his body must be found and returned to the City of the Yellow Mud Toad."	這塊石頭上刻著：「若要復原高級魔法宗師，必須尋回他身體的各個部位，送回黃泥蟾蜍城。」
The bar life in this town is slow and rather boring - no one dares to catch the notice of the Strosstrupen	這座城裡的酒館生活緩慢又無趣——沒人敢引起 Stosstrupen（突擊隊）的注意。
 strong box in the corner.	角落裡的保險箱。
A bored Lansk official sits behind a desk. He looks up as you approach. "You shouldn't be in here," he says. "Off with you before I call the guard!" A sign beside the door behind the official reads, "Armory" 	一名百無聊賴的蘭斯克官員坐在辦公桌後。你靠近時他抬起頭。「你們不該進來這裡，」他說，「快走，不然我就叫衛兵了！」官員身後門邊的告示寫著：「武器庫」
"Welcome to the Cavern Tavern, folks," says the barkeep	「歡迎光臨洞窟酒館，各位，」酒保說道。
Magical Mud Inc., we'll ooze your pains away for a price!	魔法泥漿商行，只要付點錢，就讓你的痛楚隨泥而去！
Before you is the gate to Byzanople. The doors are of stout oak reinforced by bands of steel. City defenders sneer at you as you search in vain for a means past the gate.	你面前是拜占儂的城門。門以堅實的橡木打造，外加鋼條加固。守城者對你冷笑，而你怎麼也找不到通過城門的方法。
This ruined building seems to have once been part of the city defenses. A large block catches your eye.	這座殘破的建築，似乎曾是城防的一部分。一塊巨大的石塊吸引了你的目光。
You stand before the main gate to the city. If you open it, the Kingshomer army will be able to enter and overwhelm the garrison.	你站在城市的正門前。若打開它，京雄城的軍隊便能長驅直入，壓垮守軍。
Marik was repairing some broken armor when he spots you, "I haven't seen any new customers since the war broke out!"	馬瑞克正在修補幾件破損的盔甲，他一見到你便說：「自從戰爭爆發後，我就沒見過半個新客人了！」
"Make your selections quickly, I have a lot of weapons to make!!"	「快點挑選吧，我還有一大堆武器要打造呢！！」
Marik's Armory."	馬瑞克盔甲鋪。」
Bart's Weaponsmithing."	巴特兵器坊。」
Alchemist Boris will heal all for a price.	煉金術士鮑里斯付費為眾人療傷。
Town Healer."	城鎮治療師。」
You enter the dock house. Several men lunge for their weapons and challenge you. The men look like pirates and scoundrels. You are heavily outnumbered, and the pirates are well armed.	你走進碼頭屋。幾名男子撲向他們的武器，向你叫陣。這些人看來像海盜與無賴。你們寡不敵眾，而海盜們武裝精良。
Despite Ugly's warning, you try to sneak through the west door. Beyond the door you find a secret dock at which is moored a fast clipper ship.	你不顧醜約翰的警告，試圖從西側的門偷溜過去。門後你發現一座隱密的碼頭，泊著一艘快速的飛剪船。
Ugly is as good as his word. You are escorted aboard a tiny ship and set sail for the Necropolis... the City of the Dead.	醜約翰說話算話。你被護送上一艘小船，啟航前往陳屍所……亡者之城。
A statue of a proud and haughty dwarf stands before you. The stone work is of exceptional quality	一尊高傲倨慢的矮人雕像佇立在你面前。石工技藝精湛非凡，
, but the statue has no eyes	但雕像沒有眼睛。
Once this valley rung with the sound of dwarfen hammers... now it is silent.	這座山谷曾迴盪著矮人鐵鎚的聲響……如今卻一片寂靜。
To the west, behind a wall of crystal, you see the fires of a mighty forge.	在西方，一道水晶牆後，你看見一座宏偉鑄爐的爐火。
A mystical dwarven forge is here, but without a master smith, the forge is useless.	這裡有一座神祕的矮人鑄爐，但少了鑄造宗師，這座爐子便毫無用處。
The magical fire of this dwarven forge does not burn so much as it saps your very life essence.	這座矮人鑄爐的魔法之火與其說是灼燒，不如說是在抽取你的生命精華。
Mining work in this room was rapidly abandoned... something must have happened suddenly.	這間房裡的採礦作業被匆匆棄置……想必是突然發生了什麼事。
Several dwarven weapons are neatly stored here.	幾件矮人武器整齊地收存在此。
On a small dias is a dwarven artifact!	一座小臺座上擺著一件矮人神器！
Many valuable items of dwarven manufacture are stored here.	這裡收存著許多珍貴的矮人製品。
A wizard stands before shelves filled with many magical scrolls, "I am most skilled in High Magic!"	一名巫師站在堆滿魔法卷軸的架子前。「我最擅長高級魔法！」
A crass barbarian twirls swords before you in a dazzling display of swordplay, "I only stock the finest arms in the land!"	一名粗野的蠻族在你面前舞動雙劍，劍術耀眼奪目。「我這兒只賣全國最頂級的兵器！」
A well-armored warrior blinds your eyes with his highly polished armor, "Welcome to my shop!"	一名披掛精良的戰士，那身擦得發亮的盔甲幾乎晃花你的眼。「歡迎光臨小店！」
An wild-eyed old hag looks into a crystal ball and threatens, "I'll get you my little pretty... oh, paying customers!"	一名目光狂亂的老巫婆盯著水晶球，恫嚇道：「我會抓到你的，我的小可愛……噢，原來是付錢的客人啊！」
The bartenders are drunk beyond reason. This seems to be a popular spot	酒保們醉得不省人事。這裡看來是個熱門去處。
Faith heals all.	信仰治癒一切。
In the midst of this dark grotto, you find a giant clam. Is this all that remains of some unfortunate adventurer?	在這座幽暗的洞窟深處，你發現一只巨蚌。難道這就是某個不幸冒險者僅存的遺骸？
A miserable little man in a jester's outfit sits in the corner. "A man is born crying," he says. "When he's cried enough, he dies!"	一個身穿小丑裝、滿臉淒苦的矮小男子坐在角落。「人一生下來就哭，」他說，「等哭夠了，就死了！」
A little boy bearing an over-sized polearm guards the entrance to this hut. "This is the king's boathouse!" he cries. "No one may enter unless on business of the king."	一個扛著與身形不符的巨大長柄武器的小男孩，守在這間小屋的入口。「這是國王的船屋！」他喊道，「除非有國王的差事，否則任何人不得進入。」
"Only people on official business may enter!"	「唯有奉公差者方可進入！」
An aged and dust covered old man sits at the helm of a rickety old unseaworthy vessel. "At last! Someone wishes my services!	一名滿身灰塵的年邁老人坐在一艘搖搖欲墜、根本不堪出海的破船舵旁。「總算有人要用我的服務了！
Fresh pine branches lay beneath a tree.	一棵樹下散落著新鮮的松枝。
You find an old man sitting under a tree by the water. "I won't go inside," he says. "You can't make me!"	你發現一位老人坐在水邊的樹下。「我才不進去，」他說，「你們別想逼我！」
The ferry manager greets you. He tells you that you can book passage to Lansk for only 500 gold. He also tells you that pilgrims can take the free ferry to the island of Nisir.	渡輪管理員上前招呼你。他說，只要五百金幣，你就能訂下前往蘭斯克的船位。他還告訴你，朝聖者可免費搭乘前往尼塞島的渡輪。
This statue looks like the diety of home computers, but it's really just a cheap clone.	這尊雕像看似某位家用電腦之神，其實不過是個廉價的仿冒品。
Rag-Tag soldiers and infantrymen lay in disorganized beds of hay and straw. Several healers attend to their needs and with powerful magic they are made fit to fight again.	一群衣衫襤褸的士兵與步兵雜亂地躺在乾草與稻草鋪成的床上。幾名治療師照料著他們，並以強大的魔法讓他們重新恢復戰力。
The black marketeer looks at your equipment. "You won't last five minutes with that stuff, pal!"	黑市商人打量著你的裝備。「靠那玩意兒，你撐不過五分鐘的，朋友！」
To the south lays a foul reeking pit... that can lead only to the Underworld!	南方有一座惡臭沖天的深坑……那只可能通往地底世界！
Lanac'toor's Spectactles lie here dusty and unused.	拉娜的眼鏡擱在這裡，積滿灰塵，無人使用。
Many high magic scrolls are neatly hidden in a little cubby hole here.	許多高級魔法卷軸整齊地藏在這裡的一個小暗格中。
Greedily clutched in the hands of a thankfully inanimate corpse, you find a gleaming magic axe.	一具所幸早已不會動彈的屍體，手中貪婪地緊握著——你在那裡找到一柄閃閃發亮的魔法斧。
You have found the Byzanople treasure vault!	你發現了拜占儂的寶物庫！
Construction of this secret tunnel seems to have been suspended before the job was done.	這條密道的開鑿工程，似乎在完工前就被擱置了。
Jackpot!! The Kingshome armory!!	中大獎了！！京雄城的武器庫！！
A plaque reads, "Welcome to my garden. Please enjoy the works of art I have created: they are my gift to mankind. Mog."	一塊牌匾寫著：「歡迎來到我的花園。請盡情欣賞我創作的藝術品：這是我獻給人類的禮物。莫格。」
This appears to be a guardroom, but where are the guards?	這裡看來是間警衛室，但衛兵都到哪兒去了？
This room is heaped full of household items. Among them is an uncommon number of mirrors.	這個房間堆滿了家用器物。其中鏡子的數量多得異乎尋常。
The food layed out for the evening meal in this dining room has long since gone stale.	這間餐廳裡為晚餐擺好的食物，早已腐壞發臭。
This dressing room is in total disarray. The shattered remains of a full-length mirror lay in a corner.	這間更衣室一片狼藉。一面破碎的全身鏡殘骸散落在角落。
The walls of this sitting room were formally hung with mirrors, but the mirrors have been destroyed.	這間起居室的牆上原本掛滿鏡子，但鏡子全被砸毀了。
A sign reads, "This way to the surface... Come back soon!"	一塊告示寫著：「往地面由此去……歡迎再度光臨！」
This way to the Underworld!"	往地底世界由此去！」
A shadey looking fellow winks at you as he says, "Uh... this shop is closed."	一個形跡可疑的傢伙對你眨眨眼，說道：「呃……這家店打烊了。」
The store clerk smiles. "Magic is outlawed, but scrolls and potions are kind of a grey area... and remember, money changes everything!"	店員微微一笑。「魔法是違禁的，不過卷軸和藥水算是灰色地帶……還有，記住，有錢能使鬼推磨！」
"Ferry to King's Isle," says a steward. Behind him you can see a boat loading at a hidden dock.	「前往王島的渡輪，」一名船務員說道。在他身後，你看見一艘船正停靠在隱密的碼頭裝貨。
"Good day to thee, honest patron's of Exeter's fine establishment of martial accoutrements."	「您好啊，光臨艾克斯特高級兵器行的諸位誠實顧客。」
"Welcome to Doctor Death's weaponry emporium. Your one stop shop for all your killing and maiming needs."	「歡迎光臨死亡博士的兵器大賣場。舉凡殺戮與斷肢所需，這裡一次購足。」
Exeter's Fine Shields and Armors."	艾克斯特精品盾甲行。」
Doctor Death's Killing and Maiming Emporium."	死亡博士的殺戮斷肢大賣場。」
Ministry of EZ Paperwork."	便捷文書部。」
A Lansk offical smiles and says, "Money changes everything!"	一名蘭斯克官員微笑著說：「有錢能使鬼推磨！」
Closed until further notice."	暫停營業，恕不另行通知。」
Instruments of death and destruction are lovingly placed on many shelves and racks. 	死亡與毀滅的器械，被細心地陳列在一排排的架子上。
Many neat and tidy cots fill this chamber, many medicines and elixers dot the shelves. "I can rid you of any ailment!" says the alchemist.	這間房裡擺滿了整潔的小床，架上散布著各式藥品與藥劑。「任何病痛我都能替你們治好！」煉金術士說道。
Inside this secret closet you find the broken arms of a statue.	在這間密室裡，你找到一尊雕像斷裂的手臂。
It really was a shame about those adventurers... just butchered like that!	那幾個冒險者真是可惜了……就那樣被人宰了！
# ── 中後期補譯(B-mid;妖精守衛/菲巴斯地下城拒絕對白)──
"No price, no passage!"	「不付代價，休想通行！」
"You are not allowed to enter."	「不准你進入。」
# ── 中後期探索/對白補譯(B-mid sweep;mainline_events --[EN!] 偵測)──
Who will enter?	誰要進入？
A dying man lays in the corner. "Water.. water.."	一個垂死的人躺在角落。「水……水……」
A feeble little spring bubbles in the corner.	角落裡有一道細弱的小泉汩汩冒著。
A rotting body of some unknown creature reeks of filth and decay.	某種不知名生物的腐屍散發著汙穢與腐敗的惡臭。
A sign reads, "	一面告示牌寫著：「
A sign reads, 'To Lansk Ferry'	一面告示牌寫著:『往蘭斯克渡輪』
A sign reads, 'To Pilgrim's Dock'	一面告示牌寫著:『往朝聖碼頭』
Ahead of you, guards carefully watch each pilgrim.	在你前方,守衛仔細盯著每一位朝聖者。
Ahead you see the exit from the mines. Cruel guards bar your path.	前方你看見礦坑的出口,殘酷的守衛擋住了去路。
An evil presence lurks in the darkness ahead.	前方的黑暗中潛伏著一股邪惡的氣息。
An irregular shaft leads into the bowels of the earth.	一道不規則的豎坑通往大地深處。
An old woman hugs her knees. "The king is near!" she says.	一位老婦抱著膝蓋。「國王就在附近!」她說。
Arrrggh! Crossbow trap!	啊啊啊!弩箭陷阱!
Ask for volunteers	徵求志願者
Defenders atop the walls pepper you with arrows.	城牆上的守軍朝你射來如雨般的箭矢。
Does this passage lead to freedom or doom?	這條通道是通往自由,還是死路?
Dozens of pilgrims are in line to board the next ferry.	數十名朝聖者正排隊等候搭乘下一班渡輪。
Feeble moans and the clank of chains come from the north.	微弱的呻吟與鎖鏈的鏗鏘聲從北方傳來。
For sheer realism, this statue has no equal.	論逼真程度,這座雕像無與倫比。
From this angle it almost seems as if the statue is weeping.	從這個角度看去,這座雕像彷彿正在哭泣。
In the murk you find a locker.	在昏暗中你發現一個置物櫃。
Lansk Travel Bureau.	蘭斯克旅遊局。
Listen for rumors	打聽傳聞
Many fine armors line the walls of this shop.	這家店的牆上陳列著許多精良的鎧甲。
Odors worthy of legend eminate from here.	一股堪稱傳奇的惡臭從這裡飄散出來。
Official Quag Visitors Information Bureau	奎格官方遊客服務處
Something smells very bad in here!	這裡有股很難聞的味道!
The Lansk Ferrymaster asks for your ticket.	蘭斯克渡輪船長向你索取船票。
The barracks are crowded with slumbering guards.	營房裡擠滿了沉睡的守衛。
The ceiling is old, and seems about to cave in.	天花板年久失修,看起來隨時會塌下來。
The corridor dead ends here, the northern wall appears to be movable.	走廊在此到了盡頭,北面的牆似乎可以推動。
The floorboards creak as you walk.	你走動時,地板嘎吱作響。
The guards eye you suspiciously, but you are allowed to pass.	守衛狐疑地打量你,但還是放你通行。
The intense heat is overwhelming.	灼人的高熱令人難以承受。
The man eyes you very suspiciously as all management usually does.	那人像所有管理者慣常的那樣,滿臉狐疑地盯著你。
The passage is blocked by a cave-in!	通道被坍方堵住了!
The shopkeeper watches you suspiciously.	店主狐疑地注視著你。
The statue looks so real you expect it to speak!	這座雕像逼真到讓你以為它會開口說話!
The tunnel ends at this interior wall. A strong shove should knock it aside.	隧道在這面內牆處到了盡頭,用力一推應該就能把它推開。
The very rock seems to mourn the passing of the dwarves.	連這岩石本身,似乎都在哀悼矮人的消逝。
This cell door is unlocked, how strange...	這扇牢門沒上鎖,真是奇怪……
This closet is filled with beach umbrellas.	這個櫥櫃裡塞滿了海灘遮陽傘。
This closet is filled with folding beach chairs.	這個櫥櫃裡塞滿了折疊海灘椅。
This corridor is dusty from disuse.	這條走廊久未使用,積滿了灰塵。
This corridor reeks with a foul odor.	這條走廊瀰漫著一股惡臭。
This inner courtyard is bustling with activity.	這座內庭人來人往,熱鬧非凡。
This narrow tunnel was built for dwarves! Only one can pass at a time.	這條狹窄的隧道是為矮人而建!一次只能通過一人。
To the north, you see the filthy pit where garbage gets tossed.	在北方,你看見一個傾倒垃圾的汙穢坑洞。
You feel disoriented... as if you've been spun around.	你感到一陣暈眩……彷彿被原地轉了好幾圈。
You find a locked	你發現一個上了鎖的
You have a bad feeling about what lies beyond this door.	對於這扇門後的東西,你有種不祥的預感。
You hear a voice coming from behind the wall to the north.	你聽見一個聲音從北面牆後傳來。
You hear someone crying.	你聽見有人在哭泣。
You see something moving at the end of the hall.	你看見大廳盡頭有東西在移動。
You see tracks of something not quite human.	你看見某種不太像人類的足跡。
You sense something is watching you.	你感覺到有東西正在注視著你。
You smell a strong scent of dragon.	你聞到一股濃烈的火龍氣味。
You smell fresh pine.	你聞到清新的松木香。
You snag an unseen wire, sounding a bell.	你絆到一條看不見的細線,觸動了一個鈴鐺。
Your footsteps sound hollow here.	你的腳步聲在這裡聽起來空洞回響。
A detachment of Lansk pikemen bar your path. "The Isle of Lansk observes strict neutrality," he says. "You'll have to swear to obey our laws and regulations." Comply?	一隊蘭斯克長矛兵擋住了你的去路。「蘭斯克島嚴守中立,」他說。「你們必須發誓遵守我們的法律與規章。」遵從嗎?
A large party of guards and a woman dressed in red and gold challenge you. "There's no need to fight... come along quietly," the woman says. Do you surrender?	一大隊守衛與一名身著紅金衣裳的女子攔下你們。「沒必要動武……乖乖跟我們走吧,」那女子說。你要投降嗎?
A voice that seems to emit from the very rock booms, "Only those who know the word may pass. What will you say?"	一個彷彿從岩石本身發出的聲音轟然響起:「唯有知曉暗語者方可通行。你要說什麼?」
An aged and dust covered old man sits at the helm of a rickety old unseaworthy vessel. "At last! Someone wishes my services!"Enter boat?	一個滿身塵土的老人坐在一艘搖搖欲墜、不堪航行的破船舵旁。「總算來人了!有人需要我的服務!」要上船嗎?
Set sail for...	啟航前往……
Several Phoeban guards tell you to halt. "Customs inspection," one of them says. "Let's see what's in your packs." Comply?	幾名菲巴斯守衛要你們止步。「海關檢查,」其中一人說。「讓我們看看你們的行囊裡有什麼。」遵從嗎?
Sunken ruins	沉沒遺跡
The Byzanople warriors are before you. Do you wish to...Attack them orHail them??	拜占儂的戰士擋在你面前。你希望……攻擊他們,還是向他們致意??
Who will get loot?	由誰取得戰利品?
# ── 走私灣啟航目的地(單字地名;CONTEXT.md 譯名)──
Freeport	自由港
Necropolis	死城
Rustic	拉斯提克
, you can...	,你可以……
